{"parameters":{"long":188,"short":116,"signal":64,"candleSize":15,"historySize":10,"thresholds":{"up":"0","down":"0","persistence":1}},"score":20.45129964748581,"profit":5.971297509999999,"sharpe":3.4249339633867635,"epochNumber":2803,"otherMetrics":{"balance":219.47129751,"profit":5.971297509999999,"sharpe":3.4249339633867635,"market":-21.864168618266973,"relativeProfit":2.796860660421558,"yearlyProfit":39.72877191112689,"relativeYearlyProfit":18.608324080153196,"startPrice":213.5,"endPrice":166.82,"trades":43}}