{"parameters":{"long":99,"short":13,"signal":13,"candleSize":1440,"historySize":10,"thresholds":{"up":"0","down":"0","persistence":0}},"score":1026763.973725317,"profit":3438.22582477,"sharpe":298.63191833654565,"epochNumber":428,"otherMetrics":{"balance":3439.47582477,"profit":3438.22582477,"sharpe":298.63191833654565,"market":13524,"relativeProfit":275058.0659816,"yearlyProfit":835.4784531689551,"relativeYearlyProfit":66838.27625351641,"startPrice":1.25,"endPrice":170.3,"trades":49}}