{"parameters":{"long":68,"short":42,"signal":65,"candleSize":15,"historySize":10,"thresholds":{"up":"0","down":"0","persistence":10}},"score":873.9754901362197,"profit":61.31638597999998,"sharpe":14.25353885699152,"epochNumber":2815,"otherMetrics":{"balance":191.42638598,"profit":61.31638597999998,"sharpe":14.25353885699152,"market":28.21458765659824,"relativeProfit":47.1265744216432,"yearlyProfit":83.91023402502582,"relativeYearlyProfit":64.49176391132565,"startPrice":130.11,"endPrice":166.82,"trades":340}}